{
    "metrics": {
        "MAE": 0.2580255162739182,
        "MSE": 0.13921163259780622,
        "RMSE": 0.3731107511152771,
        "R2_Score": 0.9629585708769235
    },
    "best_params": {
        "learning_rate": 0.002,
        "filters": 64,
        "dropout_rate": 0.2
    }
}