{
    "MAE": 0.48760349695749466,
    "MSE": 0.3942515315198061,
    "RMSE": 0.6278945226069471,
    "R\u00b2 Score": 0.8950975583797198
}