{
    "metrics": {
        "MAE": 0.25775146613758765,
        "MSE": 0.1416245552472594,
        "RMSE": 0.37633038044683476,
        "R2_Score": 0.962316540454384
    },
    "best_params": {
        "learning_rate": 0.0017216905608905516,
        "filters": 134,
        "dropout_rate": 0.29954499196072204
    }
}