{
    "metrics": {
        "MAE": 0.2775371206909826,
        "MSE": 0.15295909016056133,
        "RMSE": 0.39109984679178966,
        "R2_Score": 0.9593006475738868
    },
    "best_params": {
        "learning_rate": 0.002,
        "filters": 128,
        "dropout_rate": 0.3
    }
}